-- 部署データ挿入
INSERT INTO department (department_id, department_name, establishment_date, dissolution_flag) VALUES
('D001', 'IT', '2015-04-01', FALSE),
('D002', '営業', '2016-07-01', FALSE),
('D003', '総務', '2017-09-01', FALSE),
('D004', '人事', '2018-01-01', FALSE);

-- 社員データ挿入
INSERT INTO employee (employee_id, department_id) VALUES
('E001', 'D001'), ('E002', 'D002'), ('E003', 'D003'), ('E004', 'D004'),
('E005', 'D001'), ('E006', 'D001'), ('E007', 'D001'), ('E008', 'D001'),
('E009', 'D001'), ('E010', 'D001'), ('E011', 'D001'), ('E012', 'D001'),
('E013', 'D001'), ('E014', 'D001'), ('E015', 'D001');

-- 社員詳細データ挿入
INSERT INTO employee_detail (employee_id, department_id, name, address, email, phone_number, birth_date, hire_date) VALUES
('E001', 'D002', '山田 太郎', '東京都', 'yamada.tarou@example.com', '090-1234-5678', '1985-05-20', '2010-04-01'),
('E002', 'D002', '鈴木 次郎', '神奈川県', 'suzuki.jirou@example.com', '090-2345-6789', '1987-06-15', '2011-06-01'),
('E003', 'D003', '田中 三郎', '大阪府', 'tanaka.saburou@example.com', '090-3456-7890', '1988-07-20', '2012-07-01'),
('E004', 'D004', '佐藤 花子', '愛知県', 'sato.hanako@example.com', '090-4567-8901', '1990-08-25', '2013-08-01'),
('E005', 'D001', '伊藤 一郎', '千葉県', 'ito.ichiro@example.com', '090-5678-9012', '1992-09-30', '2014-09-01'),
('E006', 'D001', '高橋 二郎', '埼玉県', 'takahashi.jirou@example.com', '090-6789-0123', '1994-10-10', '2015-10-01'),
('E007', 'D001', '渡辺 三郎', '福岡県', 'watanabe.saburou@example.com', '090-7890-1234', '1996-11-15', '2016-11-01'),
('E008', 'D001', '中村 花子', '北海道', 'nakamura.hanako@example.com', '090-8901-2345', '1998-12-20', '2017-12-01'),
('E009', 'D001', '小林 太郎', '沖縄県', 'kobayashi.tarou@example.com', '090-9012-3456', '1980-01-05', '2008-01-01'),
('E010', 'D001', '加藤 次郎', '宮城県', 'kato.jiro@example.com', '090-0123-4567', '1982-02-10', '2009-02-01'),
('E011', 'D001', '吉田 三郎', '新潟県', 'yoshida.saburou@example.com', '090-1234-5678', '1984-03-15', '2010-03-01'),
('E012', 'D001', '山本 花子', '京都府', 'yamamoto.hanako@example.com', '090-2345-6789', '1986-04-20', '2011-04-01'),
('E013', 'D001', '松本 太郎', '広島県', 'matsumoto.tarou@example.com', '090-3456-7890', '1988-05-25', '2012-05-01'),
('E014', 'D001', '井上 次郎', '奈良県', 'inoue.jirou@example.com', '090-4567-8901', '1990-06-30', '2013-06-01'),
('E015', 'D001', '木村 花子', '福島県', 'kimura.hanako@example.com', '090-5678-9012', '1992-07-05', '2014-07-01');

-- プロジェクトデータ挿入
INSERT INTO project (project_id, project_name, start_date, end_date) VALUES
('P001', 'Project A', '2023-01-01', '2024-12-31'),
('P002', 'Project B', '2024-01-01', NULL),
('P003', 'Project C', '2024-06-01', NULL);

-- プロジェクト詳細データ挿入
INSERT INTO project_detail (project_id, employee_id, role_name, assignment_date) VALUES
('P001', 'E005', 'リーダー', '2023-01-01'),
('P001', 'E007', '開発', '2023-01-01'),
('P001', 'E008', '開発', '2023-01-01'),
('P001', 'E009', 'テスター', '2023-01-01'),
('P001', 'E010', 'テスター', '2023-01-01'),
('P002', 'E005', 'リーダー', '2024-01-01'),
('P002', 'E011', '開発', '2024-01-01'),
('P002', 'E012', '開発', '2024-01-01'),
('P002', 'E013', 'テスター', '2024-01-01'),
('P003', 'E006', 'リーダー', '2024-06-01'),
('P003', 'E007', '開発', '2024-06-01'),
('P003', 'E008', '開発', '2024-06-01'),
('P003', 'E011', 'テスター', '2024-06-01'),
('P003', 'E014', '開発', '2024-06-01'),
('P003', 'E015', 'テスター', '2024-06-01');

-- タスクデータ挿入
INSERT INTO task (task_name, project_id, employee_id, progress_status) VALUES
('Task 1', 'P001', 'E005', '作業中'),
('Task 2', 'P001', 'E005', '完了'),
('Task 3', 'P002', 'E005', '作業中'),
('Task 4', 'P002', 'E005', '未着手'),
('Task 5', 'P003', 'E006', '完了'),
('Task 6', 'P003', 'E006', '作業中'),
('Task 7', 'P003', 'E006', '未着手'),
('Task 8', 'P001', 'E007', '完了'),
('Task 9', 'P003', 'E007', '作業中'),
('Task 10', 'P001', 'E008', '作業中'),
('Task 11', 'P003', 'E008', '完了'),
('Task 12', 'P003', 'E008', '作業中'),
('Task 13', 'P001', 'E009', '作業中'),
('Task 14', 'P001', 'E010', '未着手'),
('Task 15', 'P002', 'E011', '完了'),
('Task 16', 'P003', 'E011', '作業中'),
('Task 17', 'P002', 'E012', '未着手'),
('Task 18', 'P003', 'E013', '作業中'),
('Task 19', 'P003', 'E014', '完了'),
('Task 20', 'P003', 'E015', '作業中');
